{"eps": 0.01, "min_samples": 55, "centroids": {"c_m_ratios": 0.529548873365233, "c_freq_diff_min_max_p_value": 0.6710659694030411, "c_m_peak_drop_min_max_p_value": 0.03225532815591395}, "optimum_divison": 2}